[
  {
    "id": 1,
    "priority": 1,
    "action": {
      "type": "block"
    },
    "condition": {
      "urlFilter": "facebook.com/tr",
      "resourceTypes": ["image", "script", "xmlhttprequest", "sub_frame"]
    }
  },
  {
    "id": 2,
    "priority": 1,
    "action": {
      "type": "block"
    },
    "condition": {
      "urlFilter": "google-analytics.com",
      "resourceTypes": ["script", "xmlhttprequest"]
    }
  },
  {
    "id": 3,
    "priority": 1,
    "action": {
      "type": "block"
    },
    "condition": {
      "urlFilter": "doubleclick.net",
      "resourceTypes": ["image", "script", "xmlhttprequest"]
    }
  },
  {
    "id": 4,
    "priority": 1,
    "action": {
      "type": "block"
    },
    "condition": {
      "urlFilter": "ads.yahoo.com",
      "resourceTypes": ["script", "xmlhttprequest"]
    }
  },
  {
    "id": 5,
    "priority": 1,
    "action": {
      "type": "block"
    },
    "condition": {
      "urlFilter": "tracking.*",
      "resourceTypes": ["image", "script", "xmlhttprequest"]
    }
  }
]
